"id","categoria","zona","jugador_1","jugador_2"
"1A-1","Primera","A","Bruno Romero","Alan Finelli"
"1A-2","Primera","A","Juan Cuevas","Fernando Laguillo"
"1A-3","Primera","A","Guillermo Notti","Valentino Palumbo"
"1A-4","Primera","A","Bautista Latuf","Alexis Corso"
"1B-1","Primera","B","Carlos Erreguerena","Andrés Frugoli"
"1B-2","Primera","B","Ignacio Corso","Tomas Molteno"
"1B-3","Primera","B","Hernan Fontana","Luis Darío"
"2A-1","Segunda","A","Gonzalo Martinez","Martin Armenault"
"2A-2","Segunda","A","Juan Portugal ","Ariel Vives "
"2A-3","Segunda","A","Daniel Noe","Fernando Losilla"
"2B-1","Segunda","B","Bautista Latuf","Luca Vives"
"2B-2","Segunda","B","Gonzalo Zulueta","Alvaro Zulueta"
"2B-3","Segunda","B","Cristian Aranzabal","Cesar Mendoza "
"3A-1","Tercera","A","Juan Portugal ","Martín Guerra"
"3A-2","Tercera","A","Mario Margutti","Pipino Cuevas"
"3A-3","Tercera","A","Isaías Fernández","Nicolás Quesada"
"3A-4","Tercera","A","Tomas Aguinaga","Valentín Olguin "
"3B-1","Tercera","B","Mariano Lopez","Ignacio Corso"
"3B-2","Tercera","B","Sebastián Masetto","Benicio Zulueta"
"3B-3","Tercera","B","Álvaro Zulueta","Santiago Rial"
"4A-1","Cuarta","A","Juan Chondro","Gonzalo Marzal"
"4A-2","Cuarta","A","Isaías Fernández ","Gabriel Fernández "
"4A-3","Cuarta","A","Carlos Salis","Amparo Castrillejo"
"4A-4","Cuarta","A","Nicolás Quiroga","Mariano Briffi"