"id","dia","fecha","hora","categoria","fase","zona","pareja_a","equipo_a","pareja_b","equipo_b","sets","nota",""
"1","Lunes","2026-09-14","18:00","Tercera","grupo","A","3A-1","Juan Portugal  / Martín Guerra","3A-4","Tomas Aguinaga / Valentín Olguin ","12-1 12-4","",""
"2","Lunes","2026-09-14","18:30","Primera","grupo","A","1A-3","Guillermo Notti / Valentino Palumbo","1A-2","Juan Cuevas / Fernando Laguillo","6-12 12-10 0-7","",""
"3","Lunes","2026-09-14","19:00","Tercera","grupo","A","3A-2","Mario Margutti / Pipino Cuevas","3A-3","Isaías Fernández / Nicolás Quesada","7-12 9-12","",""
"4","Lunes","2026-09-14","19:30","Cuarta","grupo","A","4A-4","Nicolás Quiroga / Mariano Briffi","4A-3","Carlos Salis / Amparo Castrillejo","5-12 10-12","",""
"5","Lunes","2026-09-14","20:00","Segunda","grupo","A","2A-2","Juan Portugal  / Ariel Vives ","2A-3","Daniel Noe / Fernando Losilla","12-5 7-12 7-5","",""
"6","Lunes","2026-09-14","20:30","Primera","grupo","B","1B-1","Carlos Erreguerena / Andrés Frugoli","1B-2","Ignacio Corso / Tomas Molteno","12-2 12-10","",""
"7","Lunes","2026-09-14","21:00","Primera","grupo","A","1A-1","Bruno Romero / Alan Finelli","1A-4","Bautista Latuf / Alexis Corso","7-12 10-12","",""
"8","Martes","2026-09-15","19:30","Tercera","grupo","A","3A-1","Juan Portugal  / Martín Guerra","3A-3","Isaías Fernández / Nicolás Quesada","12-9 12-6","",""
"9","Martes","2026-09-15","20:00","Segunda","grupo","A","2A-1","Gonzalo Martinez / Martin Armenault","2A-3","Daniel Noe / Fernando Losilla","12-2 12-6","",""
"10","Martes","2026-09-15","20:30","Primera","grupo","B","1B-3","Hernan Fontana / Luis Darío","1B-2","Ignacio Corso / Tomas Molteno","6-12 10-12","",""
"11","Martes","2026-09-15","21:00","Segunda","grupo","B","2B-3","Cristian Aranzabal / Cesar Mendoza ","2B-1","Bautista Latuf / Luca Vives","7-12 5-12","",""
"12","Miércoles","2026-09-16","18:00","Tercera","grupo","B","3B-3","Álvaro Zulueta / Santiago Rial","3B-2","Sebastián Masetto / Benicio Zulueta","10-12 10-12","",""
"13","Miércoles","2026-09-16","18:30","Primera","grupo","A","1A-1","Bruno Romero / Alan Finelli","1A-2","Juan Cuevas / Fernando Laguillo","12-7 2-12 4-7","",""
"14","Miércoles","2026-09-16","19:00","Cuarta","grupo","A","4A-4","Nicolás Quiroga / Mariano Briffi","4A-2","Isaías Fernández  / Gabriel Fernández ","9-12 11-12","",""
"15","Miércoles","2026-09-16","19:30","Primera","grupo","A","1A-3","Guillermo Notti / Valentino Palumbo","1A-4","Bautista Latuf / Alexis Corso","12-8 9-12 1-7","",""
"16","Miércoles","2026-09-16","20:00","Tercera","grupo","A","3A-2","Mario Margutti / Pipino Cuevas","3A-4","Tomas Aguinaga / Valentín Olguin ","6-12 12-7 1-7","",""
"17","Miércoles","2026-09-16","20:30","Segunda","grupo","B","2B-3","Cristian Aranzabal / Cesar Mendoza ","2B-2","Gonzalo Zulueta / Alvaro Zulueta","12-11 8-12 7-5","",""
"18","Jueves","2026-09-17","18:30","Segunda","grupo","A","2A-1","Gonzalo Martinez / Martin Armenault","2A-2","Juan Portugal  / Ariel Vives ","9-12 12-6 6-7","",""
"19","Jueves","2026-09-17","19:00","Tercera","grupo","B","3B-1","Mariano Lopez / Ignacio Corso","3B-2","Sebastián Masetto / Benicio Zulueta","12-11 6-12 5-7","",""
"20","Jueves","2026-09-17","19:30","Cuarta","grupo","A","4A-2","Isaías Fernández  / Gabriel Fernández ","4A-3","Carlos Salis / Amparo Castrillejo","12-11 12-7","",""
"21","Jueves","2026-09-17","20:00","Primera","grupo","B","1B-3","Hernan Fontana / Luis Darío","1B-1","Carlos Erreguerena / Andrés Frugoli","10-12 4-12","",""
"22","Viernes","2026-09-18","18:30","Primera","grupo","A","1A-3","Guillermo Notti / Valentino Palumbo","1A-1","Bruno Romero / Alan Finelli","8-12 12-8 7-6","",""
"23","Viernes","2026-09-18","19:00","Tercera","grupo","A","3A-3","Isaías Fernández / Nicolás Quesada","3A-4","Tomas Aguinaga / Valentín Olguin ","12-3 12-9","",""
"24","Viernes","2026-09-18","19:30","Primera","grupo","A","1A-2","Juan Cuevas / Fernando Laguillo","1A-4","Bautista Latuf / Alexis Corso","12-5 6-12 3-7","",""
"25","Viernes","2026-09-18","20:00","Tercera","grupo","B","3B-1","Mariano Lopez / Ignacio Corso","3B-3","Álvaro Zulueta / Santiago Rial","12-9 12-8","",""
"26","Viernes","2026-09-18","20:30","Cuarta","grupo","A","4A-4","Nicolás Quiroga / Mariano Briffi","4A-1","Juan Chondro / Gonzalo Marzal","5-12 12-11 2-7","",""
"27","Sábado","2026-09-19","17:00","Segunda","grupo","B","2B-1","Bautista Latuf / Luca Vives","2B-2","Gonzalo Zulueta / Alvaro Zulueta","12-7 12-11","",""
"28","Sábado","2026-09-19","17:30","Cuarta","grupo","A","4A-1","Juan Chondro / Gonzalo Marzal","4A-2","Isaías Fernández  / Gabriel Fernández ","11-12 12-11 7-5","",""
"29","Sábado","2026-09-19","18:00","Tercera","grupo","A","3A-1","Juan Portugal  / Martín Guerra","3A-2","Mario Margutti / Pipino Cuevas","12-8 12-10","",""
"30","Lunes","2026-09-21","19:30","Tercera","repechaje","","3A-3","Isaías Fernández / Nicolás Quesada","3B-3","Álvaro Zulueta / Santiago Rial","12-2 12-6","",""
"31","Lunes","2026-09-21","20:00","Cuarta","grupo","A","4A-1","Juan Chondro / Gonzalo Marzal","4A-3","Carlos Salis / Amparo Castrillejo","12-0 12-8","",""
"32","Lunes","2026-09-21","20:30","Tercera","repechaje","","3B-1","Mariano Lopez / Ignacio Corso","3A-4","Tomas Aguinaga / Valentín Olguin ","12-4 12-5","",""
"33","Lunes","2026-09-21","21:00","Segunda","repechaje","","2A-1","Gonzalo Martinez / Martin Armenault","2B-2","Gonzalo Zulueta / Alvaro Zulueta","10-12 12-4 7-4","",""
"34","Lunes","2026-09-21","21:30","Segunda","repechaje","","2B-3","Cristian Aranzabal / Cesar Mendoza ","2A-3","Daniel Noe / Fernando Losilla","7-12 12-8 7-6","",""
"35","Martes","2026-09-22","19:00","Segunda","semi","","2B-1","Bautista Latuf / Luca Vives","2A-1","Gonzalo Martinez / Martin Armenault","10-12 7-12","",""
"36","Martes","2026-09-22","19:30","Tercera","semi","","3A-1","Juan Portugal  / Martín Guerra","3B-1","Mariano Lopez / Ignacio Corso","3-12 6-12","",""
"37","Martes","2026-09-22","20:00","Tercera","semi","","3B-2","Sebastián Masetto / Benicio Zulueta","3A-3","Isaías Fernández / Nicolás Quesada","12-10 12-8","",""
"38","Martes","2026-09-22","20:30","Segunda","semi","","2A-2","Juan Portugal  / Ariel Vives ","2B-3","Cristian Aranzabal / Cesar Mendoza ","9-12 12-6 7-5","",""
"39","Miércoles","2026-09-23","19:30","Primera","semi","","1B-1","Carlos Erreguerena / Andrés Frugoli","1A-2","Juan Cuevas / Fernando Laguillo","12-3 7-12 7-6","",""
"40","Miércoles","2026-09-23","20:00","Primera","semi","","1A-4","Bautista Latuf / Alexis Corso","1B-2","Ignacio Corso / Tomas Molteno","12-7 12-4","",""
"41","Jueves","2026-09-24","19:00","Cuarta","final","","4A-1","Juan Chondro / Gonzalo Marzal","4A-2","Isaías Fernández  / Gabriel Fernández ","6-12 12-6 4-7","",""
"42","Jueves","2026-09-24","19:30","Tercera","final","","3B-1","Mariano Lopez / Ignacio Corso","3B-2","Sebastián Masetto / Benicio Zulueta","12-8 2-12 7-4","",""
"43","Jueves","2026-09-24","20:00","Segunda","final","","2A-2","Juan Portugal  / Ariel Vives ","2A-1","Gonzalo Martinez / Martin Armenault","5-12 6-12","",""
"44","Jueves","2026-09-24","20:30","Primera","final","","1A-2","Juan Cuevas / Fernando Laguillo","1A-4","Bautista Latuf / Alexis Corso","12-8 7-12 6-7","",""